Model,Accuracy,Precision,Recall,F1 Score
Logistic Regression,0.7998580553584103,0.6554054054054054,0.5187165775401069,0.5791044776119403
Decision Tree,0.7998580553584103,0.6654676258992805,0.4946524064171123,0.5674846625766872
Random Forest,0.8026969481902059,0.6678321678321678,0.5106951871657754,0.5787878787878787
